Review_ID,Date,Review_text,Ranking,Email,Product_ID
688,2024-01-26,Benefit appear fine course.,4,nicole66@example.org,182
455,2024-09-15,Deal long specific sense situation decision particular.,2,nicole66@example.org,895
599,2024-03-06,Piece choose generation laugh address.,3,nicole66@example.org,453
317,2024-10-23,State now public take wide.,1,nicole66@example.org,10
198,2024-06-05,College sea report ago send against look.,1,nicole66@example.org,899
960,2024-07-20,Dinner sit place act west fall.,3,davidamanda@example.net,410
523,2024-08-01,Pull teach before toward positive.,1,davidamanda@example.net,447
709,2024-03-05,Floor different country science type federal job themselves.,1,davidamanda@example.net,212
235,2024-11-06,Election with site top.,3,davidamanda@example.net,698
147,2024-02-05,Sister actually special wind.,3,davidamanda@example.net,459
956,2024-08-03,Table agency nearly car.,4,amberweaver@example.com,271
544,2024-06-23,Size them arm guess.,3,amberweaver@example.com,301
258,2024-05-09,Trip decide should far third.,2,amberweaver@example.com,364
377,2024-04-27,Final administration goal speak Mr.,2,amberweaver@example.com,648
921,2024-10-07,Gun likely member try very current.,1,amberweaver@example.com,914
518,2024-09-21,Way arm main case take give.,4,mendozachristine@example.net,138
481,2024-03-07,Nature skill tonight behavior do.,3,mendozachristine@example.net,378
605,2024-03-04,Occur person huge assume.,1,mendozachristine@example.net,276
541,2024-04-25,Soldier impact particularly really our race into.,3,mendozachristine@example.net,93
769,2024-06-17,Hundred poor likely.,3,mendozachristine@example.net,629
264,2024-01-18,Source production study president point policy improve away.,1,levytonya@example.org,391
539,2024-05-18,Fast TV I child fish.,4,levytonya@example.org,863
883,2024-10-27,Remain yes institution game.,1,levytonya@example.org,48
471,2024-04-18,Site personal fill main.,3,levytonya@example.org,874
399,2024-02-13,Than boy single thank have television she.,5,levytonya@example.org,314
730,2024-03-11,Expect across wall.,1,brewermelissa@example.com,638
893,2024-07-08,Book middle artist idea.,2,brewermelissa@example.com,555
712,2024-06-13,Notice movement religious.,3,brewermelissa@example.com,146
697,2024-09-17,Stuff sign development within.,4,brewermelissa@example.com,888
101,2024-04-25,Leg prevent list third because administration.,3,brewermelissa@example.com,124
297,2024-02-13,Look region ago explain claim other must down.,3,brenttorres@example.net,38
206,2024-01-04,Back decade attack young conference year.,3,brenttorres@example.net,628
603,2024-10-25,Example in yet star throw.,2,brenttorres@example.net,521
585,2024-05-17,Put within Mrs about whole figure court safe.,2,brenttorres@example.net,560
443,2024-03-04,Scientist town activity go believe.,3,brenttorres@example.net,817
9,2024-02-12,Of dog rise executive mean.,2,vgraham@example.com,661
242,2024-06-19,At camera star size operation page.,5,vgraham@example.com,765
465,2024-01-16,My player thought require level.,3,vgraham@example.com,177
522,2024-07-10,Cut rate win lot suddenly share.,2,vgraham@example.com,113
318,2024-02-06,Huge none establish than southern generation.,3,vgraham@example.com,740
517,2024-08-09,Scene debate impact compare Congress eye nature.,5,mariabailey@example.org,472
413,2024-07-20,A can success black field choose cover.,1,mariabailey@example.org,756
480,2024-04-05,Tough special away trouble where.,5,mariabailey@example.org,87
711,2024-02-25,Trade window poor her work popular.,1,mariabailey@example.org,330
665,2024-10-07,Best environment field prevent heart letter.,3,mariabailey@example.org,58
641,2024-05-07,Debate result meet trade woman.,1,zimmermanadam@example.org,556
873,2024-08-21,House room last method natural lose.,4,zimmermanadam@example.org,238
767,2024-01-31,Sport population various east source.,2,zimmermanadam@example.org,266
648,2024-05-06,Expect change PM investment suddenly.,4,zimmermanadam@example.org,890
50,2024-08-06,Agreement boy help hair page best.,5,zimmermanadam@example.org,77
591,2024-01-24,Tonight somebody event share.,4,renee18@example.net,327
745,2024-02-08,Huge cost lot.,1,renee18@example.net,36
140,2024-03-14,True performance dark property method traditional trouble.,4,renee18@example.net,728
80,2024-04-20,Simply might station themselves black standard.,5,renee18@example.net,948
704,2024-02-08,Stage program common rich.,3,renee18@example.net,586
878,2024-04-24,Move professional soon.,2,cheryl81@example.org,431
119,2024-04-11,Catch material wrong police.,5,cheryl81@example.org,278
990,2024-07-25,Out point grow race.,2,cheryl81@example.org,957
307,2024-03-16,Account yourself pretty task study poor history system.,1,cheryl81@example.org,292
385,2024-09-02,Well test outside recognize today who.,3,cheryl81@example.org,160
617,2024-04-30,International tree ahead generation.,2,jamesholmes@example.org,218
584,2024-03-31,Blue security director company live hold heavy.,2,jamesholmes@example.org,435
433,2024-04-07,Past before loss likely themselves one.,3,jamesholmes@example.org,751
707,2024-04-14,Miss room where himself thought guess much.,3,jamesholmes@example.org,587
918,2024-04-06,Experience who perhaps fly.,4,jamesholmes@example.org,376
363,2024-10-26,Bad likely better product respond bag give exactly.,1,jeremy39@example.com,297
854,2024-07-22,Yard realize newspaper three establish.,4,jeremy39@example.com,73
138,2024-10-31,Partner president beat customer happy exist firm.,5,jeremy39@example.com,615
976,2024-07-31,Its community north reveal walk rich respond.,2,jeremy39@example.com,339
143,2024-10-08,Apply nation sign pull low others lose.,3,jeremy39@example.com,840
404,2024-06-13,Teacher to south measure sometimes collection.,5,susanhoward@example.org,34
430,2024-03-25,Amount thus series place education article agency.,4,susanhoward@example.org,44
664,2024-04-11,Front serious country everybody discussion.,2,susanhoward@example.org,528
616,2024-04-07,Need recent child the care traditional.,2,susanhoward@example.org,605
752,2024-05-27,Administration together usually opportunity member night Republican.,2,susanhoward@example.org,746
731,2024-10-17,Might every now you.,3,brockjessica@example.net,915
144,2024-10-05,Section scientist seek number show.,3,brockjessica@example.net,246
614,2024-07-24,Investment nearly cold must size.,3,brockjessica@example.net,838
371,2024-01-17,Fact career concern share population peace almost.,1,brockjessica@example.net,338
123,2024-01-10,Can again three point executive.,1,brockjessica@example.net,523
208,2024-04-07,Dream magazine catch per play reality huge.,5,christophernelson@example.com,492
884,2024-01-28,Follow live dream news part magazine each.,5,christophernelson@example.com,562
677,2024-06-11,Teach why realize camera.,2,christophernelson@example.com,967
435,2024-11-05,Practice every science who we teacher opportunity must.,4,christophernelson@example.com,147
885,2024-01-26,Seek green government everyone during.,5,christophernelson@example.com,653
126,2024-05-28,Usually face student plan kid before sit.,1,maria85@example.net,43
778,2024-03-10,Different even allow long.,4,maria85@example.net,567
925,2024-04-02,Stop fund miss study point find newspaper.,1,maria85@example.net,810
863,2024-06-16,Source author nice move pattern bring ready.,4,maria85@example.net,625
909,2024-04-07,Ago campaign operation pick dinner.,3,maria85@example.net,834
354,2024-08-31,National individual authority painting project blood air focus.,4,james24@example.com,133
270,2024-07-24,Trial trade on picture already.,1,james24@example.com,652
799,2024-05-18,Run thousand fill manage long instead.,4,james24@example.com,479
156,2024-08-17,Everybody war too benefit machine mouth direction.,2,james24@example.com,903
902,2024-06-14,Coach truth maintain environment finish.,3,james24@example.com,101
755,2024-07-18,These camera half.,5,gholmes@example.com,760
983,2024-07-23,Compare cut success know.,2,gholmes@example.com,85
594,2024-08-09,Nice sing yard daughter evidence cause ground.,5,gholmes@example.com,515
155,2024-09-03,Commercial soldier wish responsibility around maybe.,5,gholmes@example.com,170
468,2024-05-08,Military wear recognize community school measure.,1,gholmes@example.com,795
734,2024-02-02,Art peace know perhaps view despite.,1,rossmichael@example.net,823
136,2024-03-28,At available bad senior suffer oil yes.,5,rossmichael@example.net,72
93,2024-11-05,Bit her major beyond speak.,4,rossmichael@example.net,535
881,2024-04-05,Image party skill expect else.,3,rossmichael@example.net,112
515,2024-09-20,Today light form build single democratic.,4,rossmichael@example.net,660
450,2024-01-28,Manage shoulder under should position partner.,2,whudson@example.net,938
316,2024-05-08,Bill past none.,4,whudson@example.net,145
323,2024-01-27,Could sure maybe for eight.,5,whudson@example.net,792
447,2024-11-10,It officer send create beautiful popular safe.,3,whudson@example.net,708
422,2024-03-23,Cut less painting within edge.,1,whudson@example.net,195
527,2024-08-18,On admit degree market weight language.,5,sanderson@example.com,781
502,2024-05-31,Everybody sign somebody assume itself sign.,4,sanderson@example.com,477
719,2024-10-10,Nor nature art media page staff region couple.,2,sanderson@example.com,954
199,2024-09-19,Idea Congress win happy item these.,2,sanderson@example.com,963
120,2024-03-12,Collection despite into position.,4,sanderson@example.com,701
302,2024-11-08,None draw maintain meet race.,2,yrichards@example.org,770
210,2024-01-08,Camera live surface which.,2,yrichards@example.org,576
905,2024-06-10,Choose new candidate character share role.,1,yrichards@example.org,831
65,2024-11-07,Safe price risk benefit perhaps.,1,yrichards@example.org,759
59,2024-04-05,Reveal public son per almost big.,3,yrichards@example.org,117
180,2024-11-04,Student my black ten.,4,jenniferbrown@example.org,326
609,2024-10-10,Fill ten power.,5,jenniferbrown@example.org,647
669,2024-09-01,Organization security standard brother.,3,jenniferbrown@example.org,353
657,2024-10-25,Civil individual several daughter eat physical science.,2,jenniferbrown@example.org,732
238,2024-10-29,Wish business thousand catch hundred soldier.,4,jenniferbrown@example.org,688
228,2024-07-04,Significant interview serve use order yourself pretty.,3,obowman@example.org,659
596,2024-04-18,Wide executive young tree knowledge major instead.,4,obowman@example.org,931
196,2024-02-01,Fine record site skin.,3,obowman@example.org,539
1,2024-09-17,Himself boy future sometimes painting whatever friend resource.,4,obowman@example.org,402
747,2024-09-27,Instead can federal hospital you wear.,1,obowman@example.org,341
914,2024-03-17,Move town power all at create.,2,kingrichard@example.net,298
511,2024-09-25,Here special strong glass.,1,kingrichard@example.net,524
21,2024-10-15,Play Mrs quality visit dog party.,1,kingrichard@example.net,897
962,2024-03-18,Try easy certainly want PM police.,3,kingrichard@example.net,180
869,2024-01-22,Behavior speech western let big daughter woman.,3,kingrichard@example.net,805
980,2024-10-10,Across candidate increase share.,3,zdaniels@example.net,946
806,2024-07-18,Black yard opportunity.,4,zdaniels@example.net,763
369,2024-07-22,First line use animal order color consumer somebody.,2,zdaniels@example.net,551
903,2024-01-05,Lot before kitchen.,5,zdaniels@example.net,90
328,2024-05-14,Reflect entire order about relate skin.,2,zdaniels@example.net,879
170,2024-10-25,Cut most become level sister ball.,4,gerickson@example.org,748
941,2024-08-28,Ago difficult another difference how nature.,1,gerickson@example.org,572
300,2024-02-06,Lawyer start worker.,1,gerickson@example.org,940
179,2024-02-08,Pick push often paper produce party summer.,5,gerickson@example.org,559
306,2024-01-08,Head quality grow western team during third.,5,gerickson@example.org,267
74,2024-04-04,Way measure rather argue none.,3,kevinfletcher@example.com,329
345,2024-01-03,Generation senior a wonder.,3,kevinfletcher@example.com,148
487,2024-06-26,History report time voice too.,1,kevinfletcher@example.com,649
201,2024-08-18,Drug team pretty room.,2,kevinfletcher@example.com,498
542,2024-07-26,Hand ago public effect.,4,kevinfletcher@example.com,27
560,2024-08-18,Southern high situation direction sure work.,2,jevans@example.org,932
716,2024-10-14,Training might discussion country former industry.,3,jevans@example.org,511
685,2024-06-04,Tend capital southern.,4,jevans@example.org,347
615,2024-01-02,Style admit population address they.,4,jevans@example.org,531
748,2024-01-04,You new under physical go game.,5,jevans@example.org,725
789,2024-07-05,Board watch movement truth strong discuss his.,1,michael73@example.org,356
847,2024-07-25,Edge wall PM once claim.,2,michael73@example.org,224
166,2024-01-31,Natural series adult bill team.,2,michael73@example.org,856
287,2024-07-11,Particular hotel audience.,5,michael73@example.org,429
897,2024-06-23,Contain truth nature military road mother.,1,michael73@example.org,120
601,2024-11-07,Number high think price child.,2,bmcguire@example.net,924
356,2024-04-08,Fast growth simple expect because draw capital win.,3,bmcguire@example.net,287
739,2024-01-20,While senior read miss face moment international.,5,bmcguire@example.net,308
671,2024-10-04,Boy call almost win leg.,1,bmcguire@example.net,428
124,2024-03-12,Address federal director college subject.,5,bmcguire@example.net,183
312,2024-08-21,Capital certainly west turn one minute themselves.,2,uwilson@example.com,553
971,2024-03-21,Contain study number suggest able admit.,3,uwilson@example.com,902
31,2024-04-22,Standard way just field measure campaign.,2,uwilson@example.com,704
342,2024-09-27,Surface back positive girl husband form.,3,uwilson@example.com,149
45,2024-05-30,Street audience say act too risk enter.,5,uwilson@example.com,862
993,2024-02-18,Cultural agency down action trip executive.,4,ryanmoore@example.com,525
299,2024-05-23,Section teacher building run land part.,2,ryanmoore@example.com,950
764,2024-04-24,Sound little back your seem who.,3,ryanmoore@example.com,9
161,2024-03-27,Choice thus bring central.,3,ryanmoore@example.com,910
308,2024-10-22,Run southern until security nation.,1,ryanmoore@example.com,123
835,2024-08-26,House most officer take produce.,1,yrobinson@example.org,41
787,2024-07-13,Personal investment eye upon paper.,1,yrobinson@example.org,392
749,2024-10-09,Employee role speak hundred fill look catch technology.,2,yrobinson@example.org,581
557,2024-11-03,This class own own great employee.,5,yrobinson@example.org,68
47,2024-08-11,Himself mean where positive mention child professor.,2,yrobinson@example.org,668
923,2024-10-22,Simply front than down career pay.,5,bill12@example.com,639
223,2024-07-09,Laugh partner ok respond research than perform.,4,bill12@example.com,319
348,2024-09-12,Quality only worry report too.,5,bill12@example.com,483
89,2024-04-23,Mother sister quickly save person very season.,5,bill12@example.com,346
340,2024-06-05,Quickly raise clearly whatever appear simple.,2,bill12@example.com,920
503,2024-05-30,Standard southern send customer.,5,daniel75@example.com,131
189,2024-06-27,Enter wear nice lawyer.,4,daniel75@example.com,152
7,2024-07-11,Case huge even onto.,5,daniel75@example.com,961
256,2024-01-04,Bill customer suddenly natural this.,1,daniel75@example.com,424
575,2024-01-24,Air top else discover win others.,4,daniel75@example.com,619
722,2024-11-08,Suggest significant although send recognize focus.,4,kimberly11@example.net,332
81,2024-01-04,Low institution such maybe not share serve.,3,kimberly11@example.net,375
137,2024-04-25,Town region mean home might.,5,kimberly11@example.net,540
4,2024-01-24,Rock keep firm work free majority alone.,3,kimberly11@example.net,3
42,2024-08-20,Other agency goal process check improve better.,5,kimberly11@example.net,912
12,2024-11-03,Finish community else administration image surface crime when.,3,marilyn27@example.net,538
600,2024-04-05,Stock station quality phone close front form.,5,marilyn27@example.net,395
110,2024-10-26,Country down exist box various away.,4,marilyn27@example.net,791
478,2024-01-02,Show boy current style laugh foreign.,1,marilyn27@example.net,503
346,2024-04-19,Include see the pass rest hear.,3,marilyn27@example.net,311
444,2024-06-11,Event doctor happen ago.,1,kevinkirby@example.org,575
3,2024-08-26,Around reveal police here gun respond.,1,kevinkirby@example.org,654
492,2024-07-18,Ok fall skill table rule discussion help.,4,kevinkirby@example.org,203
428,2024-06-19,Factor arm pressure political politics sea.,5,kevinkirby@example.org,655
341,2024-01-04,Major prove race Mrs.,5,kevinkirby@example.org,995
901,2024-06-02,You prepare know hot north foreign guy.,1,bwood@example.com,1000
163,2024-05-07,Call political art particular camera have.,2,bwood@example.com,844
695,2024-07-13,None do usually red star.,3,bwood@example.com,374
177,2024-03-09,Full TV half decision.,5,bwood@example.com,363
192,2024-09-08,Agent citizen paper wall fall line.,4,bwood@example.com,843
8,2024-04-18,People whatever as.,4,cynthiagiles@example.net,694
139,2024-09-17,Information certainly any man fire next.,3,cynthiagiles@example.net,45
808,2024-04-03,Stuff dinner property back ahead.,4,cynthiagiles@example.net,620
826,2024-06-29,Early budget simply always.,3,cynthiagiles@example.net,969
311,2024-08-24,Successful while democratic recent.,4,cynthiagiles@example.net,960
290,2024-09-06,Bag be national security that.,2,dawn02@example.net,836
783,2024-01-18,Stock foot follow four enough space society.,3,dawn02@example.net,782
817,2024-02-08,Report common future.,1,dawn02@example.net,773
248,2024-07-25,Station maybe design tree unit.,1,dawn02@example.net,832
277,2024-06-09,Political audience pull make.,5,dawn02@example.net,96
939,2024-07-19,Old concern TV person fish.,2,vpeterson@example.org,926
230,2024-08-30,Beyond bag and.,1,vpeterson@example.org,135
771,2024-06-07,Guy other simply often.,5,vpeterson@example.org,635
451,2024-02-29,Rather recently section whatever exist sign.,4,vpeterson@example.org,496
692,2024-08-17,Military painting really show face dream.,3,vpeterson@example.org,493
634,2024-02-08,Board over personal yet.,2,daniel13@example.net,333
436,2024-01-06,Enjoy without environmental imagine four either.,2,daniel13@example.net,607
168,2024-09-20,Hard partner without radio though because.,4,daniel13@example.net,289
333,2024-07-27,Its list policy control end.,3,daniel13@example.net,418
295,2024-06-02,Crime many society especially head.,4,daniel13@example.net,713
850,2024-09-26,Own another product name reveal free course.,4,wedwards@example.net,79
519,2024-01-26,And happen way what media center organization.,5,wedwards@example.net,78
425,2024-02-27,Base government case society may especially mind.,3,wedwards@example.net,194
790,2024-09-24,Your Congress discuss company field government range.,1,wedwards@example.net,331
886,2024-02-10,Decade without method choice tonight.,3,wedwards@example.net,982
288,2024-03-06,Month issue product local kind.,4,ujohnson@example.org,949
62,2024-03-17,Impact clearly stop run land.,1,ujohnson@example.org,557
457,2024-07-20,Doctor particularly what way church manager read.,3,ujohnson@example.org,975
946,2024-04-28,Shake drug buy bad husband learn.,3,ujohnson@example.org,574
561,2024-10-14,Central wide wrong budget.,1,ujohnson@example.org,561
167,2024-10-26,War analysis test decade.,5,linda41@example.org,12
391,2024-10-06,Represent paper want remain response travel find.,5,linda41@example.org,847
11,2024-07-23,Cell capital listen sit other we hit meet.,2,linda41@example.org,870
148,2024-08-05,Service foreign military school operation their free keep.,1,linda41@example.org,162
98,2024-02-07,Work him be same free.,1,linda41@example.org,243
73,2024-02-12,Sea artist close kitchen state present not.,1,leahboyd@example.org,711
278,2024-06-06,Seven leg sign power speak back.,4,leahboyd@example.org,691
2,2024-10-19,Begin per cold walk sound smile suddenly.,5,leahboyd@example.org,190
663,2024-06-06,Sign free event begin side myself.,2,leahboyd@example.org,256
104,2024-11-02,To level individual piece bill street agree.,1,leahboyd@example.org,67
